Calculadora de ar condicionado	Air conditioning calculator
Calculadora de	Air conditioning
ar condicionado.	calculator.
ESTIMATIVA TÉCNICA	TECHNICAL ESTIMATE
Estime a potência por divisão, em kW e BTU/h, e junte o resultado ao pedido de orçamento.	Estimate the output for each room in kW and BTU/h, and attach the result to your quote request.
Estime a potência de ar condicionado por divisão, em kW e BTU/h. Junte a simulação ao pedido de orçamento sem compromisso à MDM.	Estimate air conditioning output for each room in kW and BTU/h. Attach your estimate to a no-obligation MDM quote request.
Ative o JavaScript para utilizar a calculadora ou peça uma avaliação à MDM pelo formulário.	Enable JavaScript to use the calculator, or request an MDM assessment using the form.
ANTES DO ORÇAMENTO	BEFORE YOUR QUOTE
Que potência precisa?	What output do you need?
Calcule por divisão e envie a estimativa à MDM.	Calculate room by room and send your estimate to MDM.
Calcular potência	Calculate output
Calculadora	Calculator
Calcular potência por divisão	Calculate output per room
Os dados da simulação ficam neste navegador para poder retomar o cálculo. Pode apagá-los em “Recomeçar”. Só seguem para a MDM se os juntar ao pedido e confirmar o envio.	Your estimate is saved in this browser so you can continue later. You can erase it by selecting “Start again”. It is only sent to MDM when you attach it to a request and confirm submission.
