A sua mensagem	Your message
Abertura na sanca para acesso à unidade	Opening in the bulkhead for access to the unit
Apoios metálicos entre o maciço e a base das unidades	Metal supports between the concrete plinth and the unit bases
Ar condicionado, bombas de calor, ventilação e manutenção na Grande Lisboa. Conheça o trabalho da MDM e prepare o seu pedido de orçamento.	Air conditioning, heat pumps, ventilation and maintenance in Greater Lisbon. Discover MDM's work and prepare your quote request.
Bomba de calor monobloco instalada no jardim de uma moradia. A unidade assenta em lajetas de betão, com os pés aparafusados. A tubagem chega pelo chão, junto ao muro de pedra.	A monobloc heat pump installed in a house garden. The unit sits on concrete slabs with its feet bolted down. Pipework runs along the ground beside the stone wall.
Bomba de calor monobloco preta assente em lajetas de betão, no jardim de uma moradia.	A black monobloc heat pump on concrete slabs in a house garden.
Bomba de calor para moradia	Heat pump for a house
Cabo de alimentação ligado por baixo do aparelho	Power cable connected beneath the appliance
Cada unidade assente em dois perfis metálicos	Each unit rests on two metal rails
Cadeiras e eletrodomésticos ainda com plástico	Chairs and appliances still covered in plastic
Caixa de aspiração suspensa por varão roscado e perfis metálicos	Extraction unit suspended on threaded rods and metal supports
Calha branca a prumo junto ao vão da janela	Vertical white trunking beside the window opening
Calha metálica a proteger a tubagem ao longo do muro	Metal trunking protects pipework along the wall
Calhas assentes em blocos sobre a cobertura	Trunking supported on blocks across the roof
Cama coberta com plástico	Bed covered with plastic
Carcaça retirada, com ventilador e bateria à vista	Casing removed, exposing the fan and coil
Central de sete unidades	Seven-unit plant room
Central técnica em cave com sete unidades exteriores de um sistema VRF. Quatro estão sobrepostas duas a duas, com as de cima fixas por varões ao teto; as restantes estão alinhadas ao longo da parede. A tubagem sobe e segue em esteira pelo teto.	A basement plant room with seven outdoor VRF units. Four are stacked in pairs, with the upper units secured to the ceiling by rods; the others line the wall. Pipework rises and runs along ceiling trays.
Chiller de dois ventiladores assente em pés sobre o pavimento	Twin-fan chiller mounted on feet on the floor
Chiller e depósito de acumulação instalados numa varanda.	Chiller and buffer tank installed on a balcony.
Chiller e depósito de acumulação numa varanda. A tubagem hidráulica sobe a parede com isolamento preto e tem um purgador no ponto alto. Um nível está pousado em cima do chiller.	A chiller and buffer tank on a balcony. Water pipes with black insulation run up the wall, with an air vent at the highest point. A spirit level rests on the chiller.
Chiller e depósito na varanda	Chiller and tank on a balcony
Cinco unidades exteriores e condutas de extração montadas junto às janelas do piso superior, na fachada de um edifício industrial.	Five outdoor units and extract ducts beside the upper-floor windows on an industrial building facade.
Cinco unidades exteriores em suportes metálicos de parede	Five outdoor units on metal wall brackets
Coletores solares e vaso de expansão ao lado da unidade	Solar collectors and expansion vessel beside the unit
Compressor com manta de isolamento	Compressor with an insulation blanket
Conduta espiralada em aço galvanizado na entrada	Spiral galvanised steel duct at the inlet
Conduta flexível com isolamento em alumínio na saída	Aluminium-insulated flexible duct at the outlet
Condutas espiraladas em aço galvanizado e unidade de tratamento de ar montadas na fachada de um edifício.	Spiral galvanised steel ducts and an air handling unit on a building facade.
Condutas espiraladas em fachada	Spiral ductwork on a facade
Condutas espiraladas galvanizadas com curvas de raio largo	Spiral galvanised ducts with wide-radius bends
Condutas flexíveis com isolamento em alumínio	Flexible ducts with aluminium insulation
Condutas galvanizadas a prumo e na horizontal pela fachada	Vertical and horizontal galvanised ducts across the facade
Conversa com o assistente	Conversation with the assistant
Cortinados mantidos no lugar	Curtains left in place
Cozinha em acabamento escuro	Kitchen with a dark finish
Depósito de acumulação ao lado do chiller	Buffer tank beside the chiller
Diagnóstico com a máquina aberta	Diagnostics with the unit open
Dois escadotes e cone de sinalização no passeio	Two stepladders and a safety cone on the pavement
Duas caixas de ventilação com condutas espiraladas	Two ventilation units with spiral ducts
Duas placas de comando e contactores à vista	Two control boards and contactors exposed
Duas saídas de conduta em curva junto ao piso inferior	Two curved duct outlets near the lower floor
Duas unidades exteriores Mitsubishi Electric com etiqueta MDM, assentes em maciços de betão numa cobertura.	Two Mitsubishi Electric outdoor units with MDM labels on rooftop concrete plinths.
Duas unidades exteriores Mitsubishi Electric numa cobertura com gravilha. Estão assentes num maciço sobre a impermeabilização, apoiadas em pés metálicos. A tubagem segue encostada ao muro, protegida por uma calha metálica.	Two Mitsubishi Electric outdoor units on a gravel roof. They stand on a plinth above the waterproofing, supported by metal feet. Pipework runs along the wall inside protective metal trunking.
Equipamento novo ainda na caixa, junto à montra	New equipment still boxed beside the shop window
Escadote em uso junto ao móvel	Stepladder in use beside the cabinet
Escadotes e unidades antigas numa fachada comercial, com o equipamento novo ainda embalado no passeio.	Stepladders and old units on a shop facade, with new equipment still packaged on the pavement.
Escritório com vista para a ponte	Office with a bridge view
Estante e mobiliário no lugar	Bookshelf and furniture left in place
Esteira de cabos e tubagem isolada por baixo do equipamento	Cable tray and insulated pipework beneath the equipment
Etiqueta MDM colada em cada unidade	MDM label on each unit
Ex.: Lisboa	E.g. Lisbon
Ex.: Quero climatizar um apartamento em Lisboa…	E.g. I need air conditioning for an apartment in Lisbon…
Explore 24 instalações e intervenções da MDM, com fotografias reais e detalhes técnicos.	Explore 24 MDM installations and service projects, with real photographs and technical details.
Fachada de um edifício industrial com cinco unidades exteriores Midea montadas junto às janelas do piso superior. Ao lado, duas caixas de ventilação com condutas galvanizadas que sobem e correm pela fachada. Todas as unidades estão em suportes metálicos de parede.	An industrial facade with five Midea outdoor units beside the upper-floor windows. Two ventilation units sit alongside galvanised ducts running up and across the facade. All units use metal wall brackets.
Fechar pedido	Close request
Ferramentas e luvas pousadas em cima da caixa	Tools and gloves resting on the casing
Filtrar obras	Filter projects
Furo de passagem selado junto ao topo da tubagem	Sealed wall opening at the top of the pipework
Grupo de aspiração Ventilbox suspenso do teto de uma cave técnica, ligado a conduta espiralada de um lado e a conduta flexível isolada do outro. A caixa assenta em perfis metálicos presos por varão roscado. Na fotografia, o técnico acerta o comprimento do varão com a rebarbadora.	A Ventilbox extraction unit suspended from a basement ceiling, connected to a spiral duct on one side and an insulated flexible duct on the other. Metal rails and threaded rods support the casing. The technician is cutting a rod to length with an angle grinder.
Grupo de aspiração em cave	Basement extraction unit
Informação sobre contactos e funcionamento do site da MDM.	Information about contact details and how the MDM website works.
Kit hidráulico com bomba circuladora e manómetro	Hydraulic kit with circulation pump and pressure gauge
Ligações da tubagem com isolamento branco	Pipe connections with white insulation
Ligações em tubo flexível de malha inox	Stainless-steel braided hose connections
M	M
MDM, página inicial	MDM homepage
Mangueiras de carga e grupo manométrico no escadote	Charging hoses and manifold gauges on the stepladder
Mangueiras dos manómetros ligadas às válvulas de serviço	Gauge hoses connected to service valves
Marcas	Brands
Montagem em consola	Wall-bracket installation
Mural em parede lisa	Wall unit on a smooth wall
Móvel de cozinha coberto com plástico	Kitchen cabinet covered with plastic
Navegação principal	Main navigation
Nível pousado em cima do chiller	Spirit level resting on the chiller
Número de divisões ou equipamentos, marca, problema observado…	Number of rooms or units, brand, symptoms…
O seu número	Your phone number
Painel retirado, com a placa de comando à vista	Panel removed, exposing the control board
Painéis retirados e pousados em cima da máquina	Panels removed and placed on top of the unit
Par de unidades em cobertura	Pair of rooftop units
Parede sem tubagem à vista	No visible pipework on the wall
Parque de unidades em pavilhão	Industrial building outdoor units
Perfis apoiados nas nervuras da chapa	Rails supported on the metal roof ribs
Pesquisar obras…	Search projects…
Placas do teto falso retiradas e encostadas à parede	Ceiling tiles removed and stacked against the wall
Plenum com grelha de lâminas na boca da unidade	Plenum with a louvred grille at the unit opening
Progresso do pedido	Request progress
Purgador de ar no ponto alto da tubagem	Air vent at the highest point of the pipework
Quadro elétrico com interruptor de corte na lateral da unidade	Electrical panel and isolator at the side of the unit
Quadro na parede mantido no lugar	Picture left in place on the wall
Quarto com cortinados claros	Bedroom with light curtains
Reparação no telhado	Rooftop repair
Revisão de conduta em teto falso	Ducted unit service above a suspended ceiling
Revisão de uma unidade de condutas instalada num teto falso. O técnico trabalha de escadote, com as placas do teto retiradas e encostadas à parede. Plenum, grelha e condutas flexíveis ficam à vista durante a intervenção.	Servicing a ducted unit above a suspended ceiling. The technician works from a stepladder, with ceiling tiles removed and stacked against the wall. The plenum, grille and flexible ducts are exposed during the work.
Sala com mobiliário protegido	Living room with protected furniture
Sala técnica com equipamentos Panasonic instalados pela MDM	Plant room with Panasonic equipment installed by MDM
Sete unidades exteriores de um sistema VRF, alinhadas e sobrepostas numa central técnica em cave.	Seven outdoor VRF units, lined up and stacked in a basement plant room.
Sete unidades exteriores na mesma sala técnica	Seven outdoor units in one plant room
Sofá e objetos cobertos com plástico	Sofa and belongings covered with plastic
Substituição de uma unidade de condutas embutida numa sanca, numa casa habitada. A abertura na sanca deixa ver a unidade e as ligações da tubagem isolada. O móvel por baixo está coberto com plástico.	Replacing a ducted unit inside a bulkhead in an occupied home. The opening exposes the unit and insulated pipe connections. The cabinet below is covered with plastic.
Substituição de unidades de ar condicionado na fachada de uma loja, a partir do passeio. A unidade antiga está a ser descida com um elevador de material, com escadotes e um cone a marcar a zona. O equipamento novo, Daikin, espera embalado ao lado.	Replacing air conditioning units on a shop facade from the pavement. The old unit is being lowered on a material lift, with stepladders and a cone marking the area. The new Daikin equipment is still boxed nearby.
Substituição em rua comercial	Replacement on a shopping street
Tampa das válvulas de serviço colocada	Service valve cover fitted
Termoacumulador em armário	Water heater inside a cupboard
Termoacumulador instalado dentro de um armário, com ligações flexíveis.	Water heater installed inside a cupboard with flexible connections.
Termoacumulador instalado na vertical dentro de um armário. A água liga por tubos flexíveis de malha inox. Em baixo ficam as válvulas de corte, à mão.	A water heater installed vertically inside a cupboard. Stainless-steel braided hoses connect the water supply. Shut-off valves remain accessible below.
Termoacumulador vertical dentro de um armário	Vertical water heater inside a cupboard
Tomada junto ao rodapé, por baixo da unidade	Socket near the skirting board below the unit
Três unidades em pavilhão	Three units on an industrial building
Três unidades exteriores Midea sobre perfis metálicos numa cobertura de chapa branca.	Three Midea outdoor units on metal rails on a white metal roof.
Três unidades exteriores lado a lado na cobertura	Three outdoor units side by side on the roof
Três unidades exteriores numa cobertura de chapa de um pavilhão, duas delas Midea. Cada unidade assenta em perfis metálicos apoiados nas nervuras da chapa. A tubagem e os cabos seguem pela cobertura até à entrada no edifício.	Three outdoor units on an industrial metal roof, two of them Midea. Each stands on metal rails supported by the roof ribs. Pipes and cables run across the roof to the building entry point.
Tubagem a chegar pelo chão, junto ao muro	Pipework arriving along the ground beside the wall
Tubagem a prumo no terraço	Vertical pipework on a terrace
Tubagem com isolamento branco até à entrada na parede	White-insulated pipework to the wall entry point
Tubagem com isolamento preto a prumo na parede	Black-insulated pipework running vertically up the wall
Tubagem com isolamento preto até àentrada na parede	Black-insulated pipework to the wall entry point
Tubagem com isolamento preto até à entrada na parede	Black-insulated pipework to the wall entry point
Tubagem e cabos encaminhados ao longo da cobertura	Pipes and cables routed across the roof
Tubagem encaminhada em esteira junto ao teto	Pipework routed in a tray near the ceiling
Tubagem encaminhada por esteira metálica na parede	Pipework routed in a metal tray on the wall
Tubagem hidráulica com isolamento preto no interior	Internally routed water pipes with black insulation
Tubagem isolada a branco, a prumo na parede	White-insulated pipework running vertically down the wall
Tubagem isolada a correr junto à unidade	Insulated pipework running beside the unit
Tubagem protegida em calhas metálicas fechadas	Pipework protected in enclosed metal trunking
Técnico da MDM a cortar varão roscado com rebarbadora sob um grupo de aspiração, com faíscas.	MDM technician cutting a threaded rod with an angle grinder beneath an extraction unit, with visible sparks.
Técnico da MDM, de colete com o logótipo, num escadote a trabalhar numa conduta dentro do teto falso.	An MDM technician wearing a branded vest, working from a stepladder on a duct above a suspended ceiling.
Técnico de colete MDM a trabalhar de escadote	Technician wearing an MDM vest working from a stepladder
Unidade Midea numa cobertura em Moscavide	Midea rooftop unit in Moscavide
Unidade VRF assente num maciço sobre a cobertura	VRF unit on a rooftop plinth
Unidade afastada da casa, no jardim	Unit positioned away from the house in the garden
Unidade antiga apoiada num elevador de material	Old unit supported on a material lift
Unidade ao lado do cortinado	Unit beside the curtain
Unidade apoiada nos pés sobre as lajetas	Unit feet supported on paving slabs
Unidade assente em consola metálica fixa à parede	Unit on a metal wall bracket
Unidade assente em estrutura metálica sobre o pavimento	Unit on a metal frame above the floor
Unidade assente em perfis metálicos com escoras diagonais	Unit on metal rails with diagonal braces
Unidade de condutas em teto	Ceiling ducted unit
Unidade de condutas embutida na sanca	Ducted unit concealed in a bulkhead
Unidade de condutas embutida numa sanca sobre a cozinha, com o mobiliário protegido em plástico.	Ducted unit in a bulkhead above a kitchen, with furniture protected by plastic sheeting.
Unidade de dois ventiladores com vaso de expansão numa cobertura de chapa sobre os telhados de Moscavide.	Twin-fan unit and expansion vessel on a metal roof above the rooftops of Moscavide.
Unidade de dois ventiladores sobre pés antivibráticos	Twin-fan unit on anti-vibration feet
Unidade de tratamento de ar montada na fachada, sobre uma estrutura metálica com escoras até à parede. As condutas espiraladas em aço galvanizado sobem, curvam e descem ao longo da fachada. O quadro elétrico da unidade fica à vista, com o interruptor de corte.	An air handling unit on a facade, mounted on a metal frame braced against the wall. Spiral galvanised steel ducts rise, bend and descend along the facade. The electrical panel and isolator remain visible.
Unidade encostada ao canto, afastada da porta	Unit near the corner, clear of the door
Unidade exterior Midea de dois ventiladores numa cobertura de chapa, assente numa zona plana. O circuito hidráulico sai da unidade com válvulas e um vaso de expansão, e segue isolado até à parede técnica. A unidade apoia-se em pés antivibráticos.	A twin-fan Midea outdoor unit on a flat section of a metal roof. The water circuit exits through valves and an expansion vessel, with insulated pipework continuing to the service wall. The unit stands on anti-vibration feet.
Unidade exterior Midea montada em consola numa fachada rebocada. A tubagem sai isolada a branco e entra na parede. Em baixo, o grupo manométrico e as mangueiras de carga estão no escadote.	A Midea outdoor unit on a bracket fixed to a rendered facade. White-insulated pipes enter the wall. Below, manifold gauges and charging hoses rest on a stepladder.
Unidade exterior Midea montada em consola numa parede rebocada, com o grupo manométrico e as mangueiras de carga no escadote.	Midea outdoor unit on a bracket on a rendered wall, with manifold gauges and charging hoses on a stepladder.
Unidade exterior Mitsubishi Electric no terraço de uma moradia em obra. A unidade assenta no pavimento sobre pés reguláveis. A tubagem desce a parede a prumo, isolada a branco, desde o furo até à unidade.	A Mitsubishi Electric outdoor unit on the terrace of a house under construction. The unit stands on adjustable feet. White-insulated pipework runs vertically down the wall from the entry hole to the unit.
Unidade exterior Mitsubishi Electric num terraço, com a tubagem isolada a branco a descer a parede a prumo.	Mitsubishi Electric outdoor unit on a terrace, with white-insulated pipework running vertically down the wall.
Unidade exterior VRF Midea V4 Plus numa cobertura plana, ao lado de um campo de coletores solares. A unidade assenta num maciço e a tubagem sai por calhas metálicas fechadas que atravessam a cobertura. Os coletores ficam na sua estrutura, lastrada com blocos.	A Midea V4 Plus VRF outdoor unit on a flat roof beside solar collectors. The unit sits on a plinth, with pipework in enclosed metal trunking across the roof. The collectors stand on a frame ballasted with blocks.
Unidade exterior VRF Midea numa cobertura de Lisboa, ao lado de coletores solares.	Midea outdoor VRF unit on a Lisbon rooftop beside solar collectors.
Unidade exterior aberta numa cobertura, com placas de comando, compressor e kit hidráulico à vista.	Open outdoor unit on a rooftop, exposing control boards, compressor and hydraulic kit.
Unidade exterior com os painéis retirados numa cobertura, durante um diagnóstico de avaria. Ficam à vista as placas de comando, os contactores, o circuito frigorífico e o kit hidráulico com bomba circuladora e manómetro. A unidade assenta numa estrutura metálica sobre o pavimento.	An outdoor unit with panels removed during rooftop fault diagnostics. The control boards, contactors, refrigerant circuit and hydraulic kit with circulation pump and gauge are exposed. The unit stands on a metal frame.
Unidade exterior desmontada num telhado de chapa, com o ventilador azul, o compressor e os manómetros ligados.	An outdoor unit opened on a metal roof, with its blue fan, compressor and connected pressure gauges visible.
Unidade exterior num telhado de chapa, com a carcaça retirada para reparação. Veem-se o ventilador, a bateria, o compressor e a caixa elétrica. Os manómetros estão ligados às válvulas de serviço.	An outdoor unit on a metal roof with its casing removed for repair. The fan, coil, compressor and electrical box are visible. Pressure gauges are connected to the service valves.
Unidade exterior suspensa numa central técnica, com o painel frontal retirado para diagnóstico. A placa de comando, os bornes e as válvulas de serviço ficam à vista. A tubagem isolada sai pela lateral e sobe por uma esteira metálica.	A suspended outdoor unit in a plant room, with the front panel removed for diagnostics. The control board, terminals and service valves are exposed. Insulated pipework exits at the side and rises in a metal tray.
Unidade exterior suspensa por varão roscado, com o painel de comando aberto e a placa eletrónica à vista.	Outdoor unit suspended on threaded rods, with an open control panel and exposed circuit board.
Unidade fixa a perfil metálico perfurado sobre a chapa	Unit fixed to a perforated metal rail above the roof sheet
Unidade monobloco assente em lajetas de betão	Monobloc unit resting on concrete slabs
Unidade mural Mitsubishi Electric numa parede clara, junto a um cortinado.	Mitsubishi Electric wall unit on a light-coloured wall beside a curtain.
Unidade mural Mitsubishi Electric numa parede clara, junto ao teto e a um cortinado. Não há tubagem à vista na parede.	A Mitsubishi Electric wall unit near the ceiling on a light-coloured wall beside a curtain. No pipework is visible on the wall.
Unidade mural instalada numa sala, junto ao teto. Não se vê tubagem na parede. O sofá e os objetos da sala estão cobertos com plástico durante o trabalho.	A wall unit installed near the living-room ceiling, with no visible pipework. The sofa and belongings are covered with plastic during the work.
Unidade mural instalada numa sala, por cima de um quadro de moldura dourada, com o sofá coberto de plástico.	A wall unit above a gold-framed picture in a living room, with the sofa protected by plastic.
Unidade mural junto ao teto	Wall unit close to the ceiling
Unidade mural junto ao teto, ao canto da janela	Wall unit near the ceiling at the window corner
Unidade mural junto ao teto, ao lado da janela	Wall unit near the ceiling beside the window
Unidade mural junto ao teto, no canto da sala	Wall unit near the ceiling in the room corner
Unidade mural num quarto com cortinados translúcidos, junto ao teto, com a cama protegida.	Wall unit near the ceiling in a bedroom with sheer curtains and a protected bed.
Unidade mural num quarto, montada junto ao teto e ao canto da janela. Não há tubagem à vista na parede. A cama está coberta com plástico.	A bedroom wall unit near the ceiling at the window corner. No pipework is visible on the wall. The bed is covered with plastic.
Unidade mural numa cozinha moderna em tons escuros, com as cadeiras ainda embaladas.	Wall unit in a modern dark kitchen, with chairs still wrapped.
Unidade mural numa sala com cozinha em acabamento escuro. A unidade fica junto ao teto, sem tubagem à vista na parede. As cadeiras da cozinha ainda estão embaladas.	A wall unit in a living space with a dark-finished kitchen. The unit is close to the ceiling, with no visible pipework. The kitchen chairs are still wrapped.
Unidade mural numa sala com estante de livros e a Ponte Vasco da Gama à janela.	Wall unit in a room with a bookshelf and a view of the Vasco da Gama Bridge.
Unidade mural numa sala de trabalho, montada junto ao teto e ao lado da janela. Por baixo, uma calha branca desce a parede a prumo junto ao vão. A estante e a sala ficam como estavam.	A wall unit in a study, near the ceiling beside the window. White trunking runs vertically down the wall beside the opening. The bookshelf and room remain as they were.
Unidade sobre pés reguláveis no pavimento do terraço	Unit on adjustable feet on the terrace floor
Unidade suspensa por varão roscado e perfis metálicos	Unit suspended on threaded rods and metal supports
Unidade suspensa, quadro aberto	Suspended unit with an open control panel
Unidades assentes num maciço sobre a impermeabilização	Units on a plinth above the waterproofing
Unidades do piso assentes em apoios sobre a laje	Lower units supported on the floor slab
Unidades montadas junto às janelas do piso superior	Units mounted beside the upper-floor windows
Unidades sobrepostas, com as superiores seguras por varões ao teto	Stacked units, with the upper ones secured to the ceiling by rods
Uniões das condutas seladas com fita	Duct joints sealed with tape
VRF ao lado do solar térmico	VRF beside solar thermal collectors
Varão cortado à medida com rebarbadora, no local	Rod cut to length on site with an angle grinder
Vaso de expansão ligado no circuito hidráulico	Expansion vessel connected to the water circuit
Ver instalação numa cobertura	View a rooftop installation
Ver intervenção técnica	View technical service work
Ver sala técnica com equipamentos Panasonic	View the Panasonic plant room
Volte ao site da MDM.	Return to the MDM website.
Válvulas de corte acessíveis na base do armário	Accessible shut-off valves at the base of the cupboard
Válvulas de corte à saída da unidade	Shut-off valves at the unit outlet
Válvulas de serviço com tubagem de isolamento preto	Service valves with black-insulated pipework
Unidade Midea instalada pela MDM numa cobertura em Moscavide	Midea unit installed by MDM on a rooftop in Moscavide
Unidade exterior aberta durante um diagnóstico técnico da MDM	An outdoor unit opened during MDM technical diagnostics
